{
  "n_videos": 751,
  "modules_used": [
    "spatial",
    "frequency"
  ],
  "note": "FF++ sessiz oldugundan audio pasif; decision-level fusion.",
  "fusion": {
    "accuracy": 0.9414114513981359,
    "precision": 0.9793459552495697,
    "recall": 0.9467554076539102,
    "f1": 0.9627749576988156,
    "confusion_matrix": [
      [
        138,
        12
      ],
      [
        32,
        569
      ]
    ]
  },
  "spatial_only": {
    "auc": 0.9811980033277871,
    "accuracy": 0.9360852197070573
  },
  "frequency_only": {
    "auc": 0.8927010537992234,
    "accuracy": 0.7856191744340879
  }
}