{
  "checkpoint": "C:\\Users\\user\\deepfake-detection\\checkpoints\\best_audio.pt",
  "module": "audio",
  "split": "test",
  "num_samples": 71237,
  "num_misclassified": 12785,
  "metrics": {
    "loss": 0.34567204615470065,
    "accuracy": 0.8205286578603815,
    "precision": 0.9991013694348395,
    "recall": 0.8005854544316082,
    "f1": 0.8888946824134665,
    "auc_roc": 0.9805645025197397,
    "eer": 0.07061825262421406,
    "eer_threshold": 0.2001953125
  },
  "metrics_at_eer_threshold": {
    "threshold": 0.2001953125,
    "accuracy": 0.929446776253913,
    "f1": 0.9593950459693968
  }
}