{
  "spatial_only": {
    "accuracy": 0.9360852197070573,
    "precision": 0.9893805309734514,
    "recall": 0.930116472545757,
    "f1": 0.9588336192109777,
    "cm": [
      [
        144,
        6
      ],
      [
        42,
        559
      ]
    ],
    "auc": 0.9811980033277871
  },
  "frequency_only": {
    "accuracy": 0.7856191744340879,
    "precision": 0.9508196721311475,
    "recall": 0.7720465890183028,
    "f1": 0.852157943067034,
    "cm": [
      [
        126,
        24
      ],
      [
        137,
        464
      ]
    ],
    "auc": 0.8927010537992234
  },
  "fusion_uniform": {
    "accuracy": 0.9387483355525965,
    "precision": 0.9826086956521739,
    "recall": 0.940099833610649,
    "f1": 0.9608843537414966,
    "cm": [
      [
        140,
        10
      ],
      [
        36,
        565
      ]
    ]
  },
  "fusion_auc_weighted": {
    "accuracy": 0.9360852197070573,
    "precision": 0.9825479930191972,
    "recall": 0.9367720465890182,
    "f1": 0.959114139693356,
    "cm": [
      [
        140,
        10
      ],
      [
        38,
        563
      ]
    ]
  },
  "fusion_auc_weighted_strongfake": {
    "accuracy": 0.9414114513981359,
    "precision": 0.9793459552495697,
    "recall": 0.9467554076539102,
    "f1": 0.9627749576988156,
    "cm": [
      [
        138,
        12
      ],
      [
        32,
        569
      ]
    ]
  }
}