{
  "n_videos": 751,
  "n_boot": 1000,
  "spatial_only_EER": {
    "accuracy": {
      "mean": 0.9362263648468708,
      "ci95_low": 0.918774966711052,
      "ci95_high": 0.9533954727030626
    },
    "f1": {
      "mean": 0.9588894720599391,
      "ci95_low": 0.9468904445029657,
      "ci95_high": 0.9701619778346121
    },
    "auc": {
      "mean": 0.9811114527940906,
      "ci95_low": 0.9715912149679327,
      "ci95_high": 0.9890305784636971
    }
  },
  "frequency_only_EER": {
    "accuracy": {
      "mean": 0.7859853528628494,
      "ci95_low": 0.7562916111850866,
      "ci95_high": 0.8149134487350199
    },
    "f1": {
      "mean": 0.8523094332688695,
      "ci95_low": 0.8300069228106611,
      "ci95_high": 0.8724987782664713
    },
    "auc": {
      "mean": 0.8926585869049223,
      "ci95_low": 0.8672696239675716,
      "ci95_high": 0.9157671514411584
    }
  },
  "fusion_production": {
    "accuracy": {
      "mean": 0.9415073235685752,
      "ci95_low": 0.9241011984021305,
      "ci95_high": 0.9573901464713716
    },
    "f1": {
      "mean": 0.9628091700987211,
      "ci95_low": 0.9511568123393316,
      "ci95_high": 0.9733821042064879
    },
    "auc": null
  }
}