{
  "n": 751,
  "spatial": {
    "brier": 0.04476430092490055,
    "ece10": 0.03816627807325074
  },
  "frequency": {
    "brier": 0.10827624068901243,
    "ece10": 0.06411785984721914
  }
}